1998,18.33730556,-64.97336111,2186,33,0.014871563767462822,730,0.33394327538883806,5.641811527904849
1998,19.73876583,-156.0456314,729,3,0.004098360655737705,262,0.35939643347050754,11.9519890260631
1998,29.17991667,-81.05805556,2918,18,0.006130790190735695,1114,0.38176833447566827,5.423235092529129
1998,29.98047222,-95.33972222,123641,1481,0.011836447627115936,55081,0.44549138230845753,8.14541292936809
1998,30.20527972,-91.987655,158,2,0.0125,44,0.27848101265822783,3.018987341772152
1998,30.39652778,-84.35033333,2413,70,0.028191703584373742,932,0.3862411935350186,17.472855366763365
1998,30.40728028,-89.07009278,263,11,0.040145985401459854,28,0.10646387832699619,-1.4334600760456273
1998,32.11608333,-110.9410278,18041,279,0.015229257641921397,6190,0.3431073665539604,6.738595421539826
1998,34.72939611,-92.22424556,13080,217,0.016319470557268557,4528,0.346177370030581,7.012844036697247
1998,35.21401111,-80.94312583,122189,2788,0.02230810469126319,57047,0.46687508695545427,7.805113389912349
1998,35.81248722,-83.99285583,7876,368,0.044638524987869965,2349,0.2982478415439309,5.60538344337227
1998,38.37315083,-81.59318972,1527,122,0.0739842328684051,341,0.22331368696791093,2.185985592665357
1998,38.50886722,-107.8938333,199,3,0.01485148514851485,56,0.2814070351758794,2.9949748743718594
1998,39.29760528,-94.71390556,57435,1039,0.017768580907753875,19415,0.3380342996430748,7.341899538608862
1998,40.78838778,-111.9777731,83585,1499,0.017617883503361385,35647,0.4264760423520967,7.001806544236406
1998,40.85097222,-96.75925,2747,70,0.024849130280440185,594,0.2162358937022206,5.7087732071350565
1998,42.74811944,-73.80297861,10978,298,0.026427811280595955,3942,0.3590817999635635,5.914465294224813
1998,44.74144472,-85.582235,911,90,0.0899100899100899,280,0.30735455543358947,8.957189901207464
1998,46.77411111,-100.7467222,1315,98,0.06935598018400566,253,0.19239543726235742,3.7079847908745247
1998,46.91630556,-114.0905556,1741,82,0.044980800877674164,572,0.32854681217690984,6.01435956346927
1998,47.44898194,-122.3093131,96204,2110,0.021461846735968428,41056,0.4267598020872313,9.804509168017962
1998,47.61985556,-117.5338425,13998,179,0.01262608450306835,3960,0.28289755679382766,6.613659094156308
1998,55.35556861,-131.71374,2529,52,0.020147229755908564,725,0.2866745749308027,8.802688809806247
1998,61.17432028,-149.9961856,19802,716,0.03489618871235013,6598,0.3331986668013332,8.225431774568225
2006,19.72026306,-155.0484703,7219,30,0.004138501862325838,1045,0.14475689153622384,-2.5406566006372073
2006,26.07258333,-80.15275,67071,526,0.0077814104176220835,26106,0.3892293241490361,9.138524846804133
2006,26.68316194,-80.09559417,28100,205,0.00724253665430136,10467,0.37249110320284695,9.073451957295374
2006,29.64541861,-95.27888889,54251,1009,0.018259138617444805,26225,0.4834012276271405,11.58680945973346
2006,30.47330556,-87.18744444,10018,217,0.021201758671226183,3763,0.3756238770213616,9.592134158514673
2006,32.30064417,-86.39397611,3204,74,0.022574740695546065,1117,0.3486267166042447,11.965355805243446
2006,32.41132,-99.68189722,2774,71,0.024956063268892794,547,0.19718817591925017,4.7566690699351115
2006,32.83422028,-115.5787456,1164,16,0.013559322033898305,662,0.5687285223367697,11.77405498281787
2006,32.84711389,-96.85177222,48740,968,0.019473726563128672,20629,0.4232457940090275,8.30549856380796
2006,33.67565861,-117.8682225,50981,721,0.013945301922556188,18819,0.3691375218218552,5.923069378788176
2006,33.67975,-78.92833333,6984,104,0.014672686230248307,2066,0.29581901489117984,8.563860252004583
2006,33.94253611,-118.4080744,230760,3028,0.01295190514483207,94251,0.40843733749349975,8.239846593863755
2006,34.056,-117.6011944,35903,408,0.011236264492853405,13884,0.38670863159067487,7.100771523271036
2006,34.42621194,-119.8403733,14361,244,0.01670660732625813,4129,0.28751479701970617,6.012394680036209
2006,35.04241667,-89.97666667,46472,878,0.018542766631467793,17425,0.3749569633327595,8.559196935789293
2006,35.39308833,-97.60073389,21675,328,0.014907058128437031,7429,0.3427450980392157,8.417116493656286
2006,36.12447667,-86.67818222,59815,739,0.012203983221587344,23297,0.38948424308283874,10.207790687954526
2006,36.47521417,-82.40742056,1385,41,0.028751753155680224,478,0.34512635379061374,11.668592057761733
2006,36.5869825,-121.8429478,7978,210,0.025647288715192965,2895,0.3628729004763099,7.38894459764352
2006,37.13189556,-76.4929875,5987,128,0.020932134096484055,2261,0.3776515784199098,12.108568565224653
2006,37.50516667,-77.31966667,18737,440,0.022944151848568597,7169,0.3826119442813684,12.132198324171426
2006,39.17540167,-76.66819833,106457,1127,0.010475535395597858,45156,0.42417126163615354,9.813671247545958
2006,39.49857611,-119.7680647,26374,171,0.006441891128272745,10431,0.3955031470387503,8.098809433533026
2006,39.87195278,-75.24114083,106379,1934,0.017855659062162438,54974,0.5167749273822841,14.975624888370826
2006,39.99798528,-82.89188278,35115,797,0.022193138783693472,13204,0.3760216431724334,11.025601594760074
2006,40.48118028,-107.2176597,2436,65,0.025989604158336666,762,0.312807881773399,8.857963875205254
2006,41.25305194,-70.06018139,209,26,0.11063829787234042,113,0.5406698564593302,33.51196172248804
2006,41.44852639,-90.50753917,6094,215,0.03407830084006974,2367,0.3884148342632097,12.458811946176567
2006,41.58680556,-83.80783333,3509,82,0.022834864940128097,924,0.26332288401253917,6.405243659162155
2006,41.70895361,-86.31847417,1311,61,0.04446064139941691,484,0.3691838291380625,16.511060259344013
2006,42.20848278,-75.97961361,649,9,0.013677811550151976,110,0.1694915254237288,5.334360554699538
2006,42.48180389,-114.4877356,2075,11,0.0052732502396931925,378,0.1821686746987952,-1.163855421686747
2006,42.91130556,-112.5958611,1802,20,0.010976948408342482,126,0.06992230854605994,-5.245837957824639
2006,42.94722222,-87.89658333,22897,477,0.02040729015145033,7085,0.30942918286238374,7.76389920076866
2006,42.96550333,-83.74345639,6912,95,0.013557870700727843,2269,0.32826967592592593,8.21484375
2006,43.11886611,-77.67238389,17181,440,0.024970206004199535,6341,0.36907048483790234,11.71561608753856
2006,43.58135111,-96.74170028,6035,153,0.024725274725274724,1946,0.3224523612261806,11.130240265120133
2006,43.90882639,-92.49798722,2440,138,0.05352986811481769,842,0.34508196721311474,9.690573770491802
2006,44.80744444,-68.82813889,4173,130,0.030211480362537766,1364,0.3268631679846633,12.00862688713156
2006,45.95479528,-112.49746,779,18,0.02258469259723965,187,0.24005134788189988,0.13607188703465983
2006,46.84209028,-92.19364861,988,27,0.026600985221674877,250,0.25303643724696356,1.8967611336032388
2006,51.87796389,-176.6460306,93,11,0.10576923076923077,72,0.7741935483870968,39.0
2006,57.04713806,-135.3615983,1309,17,0.01282051282051282,362,0.2765469824293354,3.8892284186401835
2006,58.67680167,-156.6492175,336,28,0.07692307692307693,207,0.6160714285714286,17.44345238095238
1998,20.89864972,-156.4304578,3000,11,0.0036532713384257723,1105,0.36833333333333335,7.362666666666667
1998,21.31869111,-157.9224072,11377,191,0.01651106500691563,3949,0.3471038059242331,6.568691219126308
1998,21.97598306,-159.3389581,203,2,0.00975609756097561,123,0.6059113300492611,9.472906403940886
1998,26.53616667,-81.75516667,13884,156,0.011111111111111112,5203,0.3747479112647652,6.643546528377989
1998,31.80666667,-106.3778056,24768,281,0.011218012695117569,8476,0.3422157622739018,7.142562984496124
1998,32.4466275,-93.82559833,3804,80,0.02059732234809475,986,0.25920084121976866,4.3525236593059935
1998,32.51086556,-92.03768778,2161,27,0.012340036563071298,520,0.24062933826931976,3.4993058769088385
1998,33.43416667,-112.0080556,167943,3058,0.017882936357097326,79148,0.4712789458328123,12.92005025514609
1998,33.81772222,-118.1516111,3070,48,0.015394483643361129,815,0.26547231270358307,5.7052117263843645
1998,34.6404475,-86.77310944,5761,154,0.02603550295857988,1402,0.2433605276861656,8.344384655441763
1998,36.77619444,-119.7181389,1132,23,0.019913419913419914,385,0.3401060070671378,4.668727915194347
1998,37.15151667,-107.7537692,109,1,0.00909090909090909,28,0.25688073394495414,4.055045871559633
1998,38.17438889,-85.736,23665,452,0.01874196624787494,7853,0.3318402704415804,7.018423832664272
1998,38.53396333,-106.9331817,222,0,0.0,82,0.36936936936936937,15.094594594594595
1998,38.80580556,-104.70025,11841,394,0.03220269718022068,3816,0.3222700785406638,5.571742251499029
1998,39.71732917,-86.29438417,32942,868,0.02567287784679089,11460,0.3478841600388562,7.524042256086455
1998,40.19349528,-76.76340361,7500,211,0.027363506678770588,1701,0.2268,3.615866666666667
1998,40.65236278,-75.44040167,6007,229,0.036722257857601026,1477,0.24587980689195937,3.758781421674713
1998,41.88458833,-91.71087222,5204,324,0.05861070911722142,1116,0.21445042275172943,4.661029976940815
1998,41.93887417,-72.68322833,25746,699,0.026432217810550197,9107,0.3537248504622077,5.336634817058961
1998,42.15991361,-76.89144333,1309,16,0.012075471698113207,316,0.24140565317035906,2.0061115355233
1998,42.3643475,-71.00517917,94220,4195,0.042625616013819034,39558,0.41984716620675017,9.146731054977712
1998,42.40260333,-96.38436694,634,53,0.07714701601164484,109,0.1719242902208202,2.7570977917981074
1998,42.7787,-84.58735806,1913,205,0.0967894239848914,455,0.23784631468897022,5.530057501306848
1998,43.11118694,-76.10631056,10782,363,0.032570659488559896,3336,0.3094045631608236,4.985438694119829
1998,43.13985778,-89.33751361,4283,330,0.07153696076306092,1347,0.3144991828157833,7.261265468129816
1998,43.60732417,-110.7377389,1564,41,0.02554517133956386,703,0.44948849104859334,7.992966751918159
1998,43.87937972,-91.25653778,572,59,0.09350237717908082,68,0.11888111888111888,0.9493006993006993
1998,44.12326,-123.2186856,2248,23,0.010127697049757816,1308,0.5818505338078291,21.378113879003557
1998,45.77690139,-111.1530072,1863,81,0.041666666666666664,588,0.31561996779388085,6.5093934514224365
1998,56.80165194,-132.9452781,692,34,0.046831955922865015,250,0.36127167630057805,12.18208092485549
1998,57.74996778,-152.4938553,696,30,0.04132231404958678,246,0.35344827586206895,8.675287356321839
1998,58.35496194,-134.5762764,4392,87,0.01942397856664434,1681,0.38274134790528236,11.997267759562842
1998,59.0454125,-158.5033389,389,8,0.020151133501259445,147,0.37789203084832906,7.750642673521851
1998,60.49183389,-145.4776503,700,20,0.027777777777777776,196,0.28,7.0685714285714285
1998,64.8136775,-147.8596694,5258,132,0.024489795918367346,1375,0.2615062761506276,6.068086724990491
1998,70.19475583,-148.4651608,486,31,0.059961315280464215,155,0.31893004115226337,10.722222222222221
2006,26.17583333,-98.23861111,4787,58,0.01197110423116615,1319,0.2755379151869647,7.108418633799874
2006,28.10275,-80.64580556,2209,53,0.023430592396109638,688,0.3114531462200091,10.057492077863287
2006,28.42888889,-81.31602778,118126,784,0.0065932217643596,46420,0.3929702182415387,8.810194199414186
2006,31.25902778,-81.46630556,961,39,0.039,344,0.35796045785639957,11.792924037460978
2006,32.69284944,-83.64921083,1040,51,0.04674610449129239,263,0.2528846153846154,10.654807692307692
2006,33.369955,-81.96449611,2220,112,0.048027444253859346,872,0.3927927927927928,16.10855855855856
2006,33.45370806,-93.99102,1066,28,0.025594149908592323,254,0.23827392120075047,4.652908067542214
2006,33.66363889,-101.8227778,9188,139,0.014902969872413423,2965,0.32270352633870264,6.999129299085764
2006,34.20061917,-118.3584969,31675,427,0.013301351940689054,11911,0.37603788476716654,7.456574585635359
2006,34.99147222,-78.88,1522,26,0.016795865633074936,785,0.5157687253613666,19.151116951379763
2006,35.2193725,-101.7059272,8309,186,0.021895232489699823,2566,0.3088217595378505,6.464917559273077
2006,37.64995889,-97.43304583,12301,471,0.036877544628875665,4198,0.3412730672303065,9.777335176001952
2006,37.85830556,-80.39947222,193,1,0.005154639175257732,91,0.47150259067357514,17.17098445595855
2006,38.03697222,-84.60538889,9178,226,0.02403232666950234,2420,0.2636740030507736,8.209740684244933
2006,38.36666667,-82.55802778,630,11,0.0171606864274571,80,0.12698412698412698,-1.276190476190476
2006,39.29663889,-80.22808333,1,0,0.0,1,1.0,20.0
2006,39.90237583,-84.219375,13243,238,0.017654476670870115,4308,0.32530393415389264,8.344785924639432
2006,40.47798556,-88.91595278,4322,213,0.04696802646085998,1638,0.3789912077741786,16.672836649699214
2006,41.33814944,-75.7242675,2519,72,0.027788498649170205,834,0.33108376339817386,14.398570861452958
2006,42.08202139,-80.17621556,882,10,0.011210762331838564,181,0.20521541950113378,2.235827664399093
2006,42.234875,-85.5520575,4599,216,0.044859813084112146,1072,0.23309415090237007,6.217221135029354
2006,42.90835556,-106.4644661,3170,45,0.013996889580093312,930,0.29337539432176657,3.636908517350158
2006,43.56444444,-116.2227778,16994,120,0.007011803202056795,5253,0.30910909732846886,5.608861951276921
2006,44.04532139,-103.0573708,4827,111,0.022478736330498177,1304,0.2701470892894137,4.66107313030868
2006,44.47300361,-73.1503125,6695,174,0.02533119813655554,2643,0.39477221807318896,13.816280806572069
2006,46.26468028,-119.1190292,2296,33,0.014169171318162302,707,0.3079268292682927,3.279616724738676
2006,46.37449806,-117.0153944,725,0,0.0,149,0.20551724137931035,-0.9048275862068965
2006,48.25937778,-101.2803339,1081,9,0.008256880733944955,186,0.17206290471785385,-1.3283996299722478
2006,56.48432583,-132.3698242,701,25,0.03443526170798898,224,0.3195435092724679,6.934379457917261
2006,59.50336056,-139.6602261,709,17,0.023415977961432508,173,0.24400564174894218,-1.225669957686883
2006,66.88467694,-162.5985497,1032,55,0.050597976080956765,491,0.4757751937984496,11.462209302325581
2006,71.2854475,-156.7660019,659,23,0.03372434017595308,300,0.4552352048558422,10.687405159332322
1998,17.70188889,-64.79855556,961,24,0.024365482233502538,298,0.3100936524453694,4.1550468262226845
1998,25.79325,-80.29055556,63691,1243,0.01914251393722857,25208,0.3957859038168658,9.532320108021542
1998,26.22850611,-97.65439389,4093,77,0.018465227817745802,1486,0.3630588810163694,8.21891033471781
1998,27.39533333,-82.55411111,5901,84,0.014035087719298246,1952,0.33079139128961194,6.199627181833588
1998,27.77036083,-97.50121528,3028,39,0.012716009129442452,847,0.2797225891677675,7.986789960369881
1998,32.89595056,-97.0372,238515,5498,0.022531586431870435,118624,0.4973439825587489,8.7862188960862
1998,32.89864639,-80.04050583,7133,98,0.013552758954501452,2466,0.3457170895836254,5.83134725921772
1998,33.82921556,-116.5062531,4177,39,0.009250474383301708,1185,0.28369643284654056,6.60928896337084
1998,36.89461111,-76.20122222,15828,493,0.030206482445928558,4981,0.3146954763709881,5.7220116249684105
1998,37.72129083,-122.2207167,55159,843,0.015053033820220706,21227,0.3848329375079316,8.276999220435469
1998,38.94453194,-77.45580972,42652,1346,0.03059229964998409,20276,0.47538216261840005,9.581567101191034
1998,39.85840806,-104.6670019,134002,2347,0.017213180881414606,71160,0.5310368501962657,9.917128102565634
1998,41.30251861,-95.89417306,16341,298,0.017909730152052408,5291,0.3237867939538584,7.423474695551068
1998,41.41089417,-81.84939667,59657,1418,0.023217355710192386,19469,0.32634896156360527,6.544462510686089
1998,41.53493306,-93.66068222,6864,159,0.022639897479709525,1723,0.2510198135198135,5.933566433566433
1998,41.72399917,-71.42822111,21446,297,0.01365956859678977,7645,0.35647673225776366,6.3471043551244986
1998,42.88081972,-85.52276778,8398,521,0.058414620473147216,2493,0.2968563943796142,5.065253631817099
1998,44.48507333,-88.12959,2377,190,0.07401636151149202,543,0.22843920908708457,5.323096339924274
1998,46.91934889,-96.81498889,2192,193,0.08092243186582809,425,0.19388686131386862,3.7833029197080292
1998,58.42438139,-135.7073814,104,1,0.009523809523809525,39,0.375,7.548076923076923
1998,60.77977639,-161.8379975,951,33,0.03353658536585366,312,0.3280757097791798,7.804416403785489
2006,18.33730556,-64.97336111,2933,36,0.01212529471202425,929,0.3167405386975793,5.720763723150358
2006,19.73876583,-156.0456314,13126,95,0.0071855381589894865,2655,0.20227030321499315,-0.11054395855553863
2006,29.17991667,-81.05805556,3482,75,0.021085184143941525,1354,0.3888569787478461,14.608845491097071
2006,29.95083333,-94.02069444,354,13,0.035422343324250684,110,0.3107344632768362,8.341807909604519
2006,29.98047222,-95.33972222,221687,2374,0.010595328950598275,100220,0.45207883186655057,10.600048717335703
2006,30.20527972,-91.987655,5226,159,0.029526462395543174,1678,0.3210868733256793,8.812476081132797
2006,30.39652778,-84.35033333,3131,45,0.014168765743073047,1032,0.3296071542638135,9.593420632385818
2006,30.40728028,-89.07009278,6786,169,0.024299065420560748,2478,0.3651635720601238,11.31992337164751
2006,31.32133917,-85.44962889,1661,85,0.04868270332187858,681,0.4099939795304034,15.296809151113786
2006,32.11608333,-110.9410278,24827,206,0.008229137538449246,8026,0.32327707737543804,6.616828452894027
2006,32.33313333,-88.75120556,935,41,0.042008196721311473,409,0.4374331550802139,13.262032085561497
2006,34.18536111,-79.72388889,715,15,0.02054794520547945,258,0.36083916083916084,9.576223776223776
2006,34.72939611,-92.22424556,16674,332,0.019522521463013053,6107,0.3662588461077126,9.888149214345688
2006,35.13845472,-111.6712183,1648,81,0.04684788895315211,360,0.21844660194174756,4.998179611650485
2006,35.21401111,-80.94312583,115886,1569,0.013358307436890725,55026,0.47482871097457846,10.677484769514868
2006,35.23735278,-79.39116944,122,2,0.016129032258064516,57,0.4672131147540984,9.139344262295081
2006,35.33659028,-94.36744111,1745,54,0.03001667593107282,549,0.3146131805157593,7.648137535816619
2006,35.81248722,-83.99285583,9733,221,0.022202129797066508,2901,0.2980581526764615,9.00061645946779
2006,37.32668528,-79.20043056,1012,15,0.014605647517039922,335,0.3310276679841897,8.764822134387352
2006,38.13863889,-78.45286111,1928,39,0.019827147941026944,418,0.21680497925311204,3.5560165975103732
2006,38.37315083,-81.59318972,4006,109,0.02648845686512758,1188,0.2965551672491263,9.674488267598601
2006,38.50886722,-107.8938333,2658,50,0.01846381093057607,621,0.23363431151241534,3.00451467268623
2006,39.1224125,-108.5267347,4614,117,0.024730500951173115,1294,0.2804508019072388,5.982878196792371
2006,39.29760528,-94.71390556,55374,544,0.009728531063342752,20174,0.3643226062773143,8.33918445479828
2006,40.78838778,-111.9777731,141053,1027,0.007228322072072072,51480,0.36496919597598065,5.784662502747194
2006,40.85097222,-96.75925,2802,104,0.035788024776324846,999,0.35653104925053536,15.452177016416845
2006,42.74811944,-73.80297861,14520,156,0.01062959934587081,5172,0.35619834710743803,9.311983471074381
2006,44.25406722,-121.1499633,3683,31,0.00834679590737749,1232,0.33450991039913114,6.2948683138745585
2006,44.52019417,-109.0237961,1311,17,0.012801204819277108,190,0.14492753623188406,-2.218916857360793
2006,44.74144472,-85.582235,3674,122,0.0321390937829294,1371,0.37316276537833426,12.177191072400653
2006,46.77411111,-100.7467222,2320,44,0.018612521150592216,524,0.22586206896551725,3.0400862068965515
2006,46.91630556,-114.0905556,4009,48,0.011831402514173034,1310,0.32676477924669495,3.084060863058119
2006,47.44898194,-122.3093131,106628,913,0.008489785291191267,47364,0.444198521964212,9.962795888509584
2006,47.61985556,-117.5338425,14005,84,0.005962098090709063,4453,0.31795787218850413,4.5883612995358805
2006,55.35556861,-131.71374,2342,46,0.019262981574539362,862,0.36806148590947907,8.50341588385995
2006,61.17432028,-149.9961856,19609,367,0.018372046455746895,8283,0.4224080779234025,8.873986434800347
1998,18.43941667,-66.00183333,19864,411,0.02027127003699137,7367,0.37087192911800243,8.123540072492952
1998,25.90683333,-97.42586111,355,7,0.019337016574585635,78,0.21971830985915494,1.7380281690140844
1998,27.97547222,-82.53325,53814,757,0.013871836689816936,19264,0.35797376147470916,7.867320771546438
1998,30.19453278,-97.66987194,38810,723,0.018288518452938052,11300,0.2911620716310229,5.473099716567895
1998,30.48325,-86.5254,1002,83,0.07649769585253456,95,0.09481037924151696,0.9600798403193613
1998,30.49405556,-81.68786111,21806,293,0.01325851848499932,7338,0.33651288636155186,7.040860313675135
1998,31.94252778,-102.2019139,6371,99,0.015301391035548687,1539,0.24156333385653744,6.20530528959347
1998,32.31116667,-90.07588889,8905,173,0.019057061026657853,3070,0.34475014037057833,5.430993823694553
1998,32.73355611,-117.1896567,65791,1352,0.020136127369941765,27906,0.4241613594564606,9.405860984025171
1998,33.56294306,-86.75354972,19130,360,0.018471010774756286,6485,0.3389963408259279,6.603084161003659
1998,34.89566722,-82.21885833,6652,293,0.0421886249100072,2167,0.3257666867107637,4.859290438965725
1998,35.03526833,-85.20378778,1038,51,0.046831955922865015,169,0.1628131021194605,0.6907514450867052
1998,35.43359806,-119.0567681,238,1,0.0041841004184100415,46,0.19327731092436976,4.65546218487395
1998,35.87763889,-78.78747222,26874,760,0.02750235217485706,8175,0.30419736548336684,5.158443104859716
1998,37.24432611,-93.38685806,1770,42,0.023178807947019868,260,0.14689265536723164,5.461016949152542
1998,37.32546833,-79.97542833,2397,95,0.03812199036918138,657,0.27409261576971217,2.2544847726324573
1998,37.36186194,-121.9290089,48442,758,0.01540650406504065,17151,0.354052268692457,7.193798769662689
1998,38.69542167,-121.5907669,36117,314,0.008619033240921194,14730,0.40784118282249354,8.671124401251488
1998,38.74768694,-90.35998972,171405,4625,0.02627393058001477,65661,0.38307517283626497,11.021790496193226
1998,40.63975111,-73.77892556,41865,769,0.018037247267439133,17042,0.4070703451570524,8.555022094828615
1998,40.77724306,-73.87260917,91025,3379,0.03579297487394602,34630,0.3804449327107937,7.7013567701181
1998,40.7952425,-73.10021194,2260,35,0.015250544662309368,464,0.20530973451327433,2.0327433628318583
1998,41.50409361,-74.10483833,1904,28,0.014492753623188406,390,0.20483193277310924,3.5593487394957983
1998,43.53291472,-84.07964722,3708,221,0.056248409264443876,997,0.2688781014023732,4.62891046386192
1998,43.64616667,-70.30875,6442,173,0.02615268329554044,1978,0.30704750077615645,3.9296802235330643
1998,45.8076625,-108.5428611,2764,114,0.03961084086170952,796,0.28798842257597684,5.195369030390738
1998,46.60681806,-111.9827503,832,17,0.020023557126030624,157,0.18870192307692307,1.625
1998,47.48200194,-111.3706853,2268,153,0.06319702602230483,506,0.22310405643738976,23.735449735449734
1998,47.949255,-97.17611111,1027,101,0.08953900709219859,167,0.1626095423563778,2.75365141187926
1998,48.31140472,-114.2550694,971,35,0.03479125248508946,378,0.38928939237899074,46.77342945417096
1998,53.90013889,-166.5435,554,121,0.17925925925925926,300,0.5415162454873647,15.111913357400722
2006,18.00830278,-66.56301194,576,2,0.0034602076124567475,199,0.3454861111111111,3.8159722222222223
2006,20.89864972,-156.4304578,23631,292,0.012205827028382727,5300,0.22428166391604248,1.136388642038001
2006,21.31869111,-157.9224072,60491,608,0.009951063028854809,10871,0.1797126845315832,0.31242664197979864
2006,21.97598306,-159.3389581,13853,200,0.01423183661851562,1976,0.14264058326716234,-2.0868403955821844
2006,26.53616667,-81.75516667,26252,179,0.006772350648859294,9089,0.34622124028645435,8.581098582965108
2006,27.54373861,-99.46154361,2701,55,0.01995645863570392,684,0.2532395409107738,5.490929285449833
2006,29.69005556,-82.27177778,1816,40,0.021551724137931036,775,0.42676211453744495,15.536343612334802
2006,30.58858944,-96.36382417,1707,46,0.026240730176839703,306,0.17926186291739896,4.315758640890451
2006,31.06489778,-97.82779778,5019,183,0.03517877739331027,1463,0.2914923291492329,7.490535963339311
2006,31.61128833,-97.23051917,2377,81,0.03295362082994304,330,0.13883045856121162,2.055952881783761
2006,31.80666667,-106.3778056,22265,199,0.008858618233618233,7189,0.32288344935998203,6.419627217606108
2006,32.35413889,-95.40238611,1684,53,0.03051237766263673,259,0.15380047505938244,3.4572446555819476
2006,32.4466275,-93.82559833,7002,195,0.027094622759483118,2193,0.31319622964867183,8.62053698943159
2006,32.51086556,-92.03768778,2188,101,0.04412407164700743,746,0.34095063985374774,10.752285191956124
2006,33.127231,-117.278727,2760,93,0.03259726603575184,1127,0.4083333333333333,6.668840579710145
2006,33.43416667,-112.0080556,213134,1952,0.009075439591605219,95078,0.44609494496420093,9.319099721302091
2006,33.81772222,-118.1516111,12814,65,0.005046975696870875,4547,0.35484626190104573,4.473466520992664
2006,33.98879611,-98.49189333,2308,112,0.04628099173553719,411,0.17807625649913345,3.630849220103986
2006,34.6404475,-86.77310944,7433,236,0.03077324292606598,2165,0.29126866675635676,7.464146374276873
2006,36.28186944,-94.30681111,11078,351,0.030711348324437834,4239,0.3826502978877054,13.136125654450261
2006,36.77619444,-119.7181389,14650,254,0.017042404723564143,4849,0.33098976109215017,7.849965870307167
2006,37.15151667,-107.7537692,4006,132,0.031899468342194294,1070,0.2670993509735397,6.245132301547678
2006,37.70097028,-113.098575,352,7,0.019498607242339833,54,0.1534090909090909,-2.1761363636363638
2006,38.17438889,-85.736,18939,226,0.011792329767805896,7862,0.4151222345424785,11.17693648027879
2006,38.53396333,-106.9331817,1201,44,0.035341365461847386,307,0.2556203164029975,5.176519567027477
2006,38.80580556,-104.70025,16632,414,0.024287222808870117,5331,0.32052669552669555,7.705928330928331
2006,39.45758333,-74.57716667,747,18,0.023529411764705882,172,0.23025435073627845,6.239625167336011
2006,39.71732917,-86.29438417,37228,387,0.010288448757144755,11530,0.3097131191576233,6.089771140002149
2006,39.84395194,-89.67761861,1632,118,0.06742857142857143,511,0.3131127450980392,16.844975490196077
2006,40.03925,-88.27805556,3153,138,0.041932543299908843,759,0.2407231208372978,8.55978433238186
2006,40.19349528,-76.76340361,7662,205,0.026058217872124062,2289,0.29874706342991386,10.426389976507439
2006,40.65236278,-75.44040167,5032,156,0.030069390902081727,1375,0.27325119236883944,9.429451510333863
2006,40.82492611,-115.7916964,1699,25,0.014501160092807424,200,0.11771630370806356,-3.4820482636845203
2006,40.97811528,-124.1086189,3522,142,0.03875545851528384,1390,0.39466212379329924,12.199602498580353
2006,41.88458833,-91.71087222,8487,340,0.03851818284807976,2805,0.33050547896783317,9.622599269470955
2006,41.93887417,-72.68322833,32319,561,0.017062043795620437,12180,0.37686809616634176,8.234784492094434
2006,42.19536389,-89.09721111,567,9,0.015625,149,0.26278659611992944,2.802469135802469
2006,42.3643475,-71.00517917,127691,3359,0.025631438382296833,47649,0.373158640781261,10.776006139821915
2006,42.7787,-84.58735806,4712,169,0.0346240524482688,1231,0.2612478777589134,7.652801358234296
2006,43.11118694,-76.10631056,12151,205,0.016591129815474264,4005,0.3296025018516994,8.52678791868982
2006,43.13985778,-89.33751361,12547,398,0.030745461568173038,3839,0.3059695544751733,10.07196939507452
2006,43.50484139,-114.2965903,2940,120,0.0392156862745098,538,0.18299319727891156,-1.4578231292517008
2006,43.60732417,-110.7377389,3659,81,0.021657754010695186,1178,0.3219458868543318,9.159059852418693
2006,43.87937972,-91.25653778,1626,53,0.03156640857653365,477,0.2933579335793358,7.427429274292743
2006,44.12326,-123.2186856,6209,101,0.01600633914421553,1973,0.3177645353519085,5.783701079078757
2006,44.25740806,-88.51947556,4117,231,0.0531278748850046,1274,0.3094486276414865,12.47461743988341
2006,44.68839917,-111.1176375,261,3,0.011363636363636364,26,0.09961685823754789,-4.24904214559387
2006,44.77761917,-89.66677944,1165,63,0.05130293159609121,392,0.336480686695279,18.399141630901287
2006,45.77690139,-111.1530072,4731,74,0.015400624349635796,1445,0.305432255337138,5.143944197844007
2006,48.79275,-122.5375278,395,14,0.034229828850855744,132,0.3341772151898734,3.5443037974683542
2006,56.80165194,-132.9452781,705,21,0.028925619834710745,290,0.41134751773049644,12.363120567375887
2006,57.74996778,-152.4938553,558,44,0.07308970099667775,244,0.43727598566308246,5.734767025089606
2006,58.35496194,-134.5762764,4340,110,0.024719101123595506,1839,0.4237327188940092,11.48479262672811
2006,59.0454125,-158.5033389,212,5,0.02304147465437788,114,0.5377358490566038,13.30188679245283
2006,60.49183389,-145.4776503,712,14,0.01928374655647383,202,0.28370786516853935,0.4002808988764045
2006,64.8136775,-147.8596694,4823,107,0.021703853955375253,1588,0.329255650010367,4.958532034003732
2006,70.19475583,-148.4651608,537,24,0.0427807486631016,224,0.4171322160148976,8.53631284916201
1998,29.53369444,-98.46977778,37038,440,0.01174022092961204,10847,0.2928613856039743,5.849154921972029
1998,29.99338889,-90.25802778,49001,982,0.019646679871156193,14777,0.301565274178078,6.525948450031632
1998,30.53316083,-91.14963444,4539,140,0.02992092327420389,1811,0.3989865609165014,5.9942718660497905
1998,30.69141667,-88.24283333,4220,77,0.017919478706074004,1686,0.3995260663507109,7.8360189573459715
1998,32.12758333,-81.20213889,5074,59,0.011494252873563218,1829,0.36046511627906974,8.239653133622388
1998,33.64044444,-84.42694444,250440,4940,0.01934372307933276,139149,0.5556181121226641,9.423822073151253
1998,33.93884,-81.11953944,5514,102,0.018162393162393164,2503,0.4539354370692782,9.787631483496554
1998,34.27061111,-77.90255556,2055,64,0.030202925908447382,477,0.2321167883211679,1.1995133819951338
1998,35.04022222,-106.6091944,35959,361,0.00993942731277533,12969,0.36066075252370755,7.913178898189605
1998,35.43619444,-82.54180556,1738,45,0.025238362310712283,326,0.18757192174913695,0.9372842347525892
1998,36.08036111,-115.1523333,117987,1390,0.011643783978488318,54332,0.460491410070601,11.756295185062761
1998,36.09774694,-79.9372975,14616,430,0.0285790243254021,5084,0.34783798576902025,6.048782156540777
1998,36.19837222,-95.88824167,18531,235,0.012522647340935734,5591,0.3017106470239059,7.002158545140575
1998,37.61900194,-122.3748433,133831,6022,0.043059498187382465,70986,0.5304152251720453,15.517055091869597
1998,38.85208333,-77.03772222,80328,3573,0.04258590481639075,28346,0.3528781993825316,5.245493476745344
1998,39.04614278,-84.6621725,78828,1792,0.022227735053336643,33291,0.42232455472674685,6.5966407875374236
1998,39.64256778,-106.9176953,1253,27,0.02109375,384,0.30646448523543496,10.829209896249003
1998,40.49146583,-80.23287083,107506,2666,0.024198525941255492,48380,0.45002139415474485,7.689589418265027
1998,40.69249722,-74.16866056,116028,4185,0.034813206558358914,52421,0.45179611817837073,11.167856034750233
1998,40.91631194,-81.44246556,1045,30,0.027906976744186046,185,0.17703349282296652,0.9559808612440192
1998,40.97846583,-85.19514639,1358,68,0.047685834502103785,337,0.24815905743740796,3.968335787923417
1998,41.06695778,-73.70757444,4219,449,0.09618680377035133,1261,0.2988859919412183,5.262147428300545
1998,41.7859825,-87.75242444,44968,1025,0.02228600004348488,18124,0.4030421633161359,10.538938800925102
1998,41.979595,-87.90446417,285395,9501,0.032218137919809015,146306,0.5126438795353808,11.219730548888382
1998,42.21205889,-83.34883583,142396,11017,0.07181268862482319,77630,0.5451698081406781,14.086238377482514
1998,42.37422778,-122.8734978,1337,22,0.016188373804267846,732,0.5474943904263276,23.328347045624533
1998,42.93451639,-71.43705583,9237,227,0.023985629754860523,3293,0.35650102847244775,6.539677384432175
1998,42.94052472,-78.73216667,17484,584,0.032322337834846136,6109,0.34940517044154656,6.530656600320293
1998,43.51455556,-112.0701667,783,34,0.0416156670746634,214,0.27330779054916987,2.2771392081736908
1998,44.88054694,-93.2169225,127058,9635,0.07048641847058737,59531,0.4685340553133215,11.763777172629823
1998,45.58872222,-122.5975,54572,1169,0.020971995479090795,20923,0.38340174448435094,8.342098512057465
1998,64.51220222,-165.4452458,896,38,0.04068522483940043,344,0.38392857142857145,9.436383928571429
2006,17.70188889,-64.79855556,384,5,0.012853470437017995,154,0.4010416666666667,5.473958333333333
2006,25.79325,-80.29055556,65405,748,0.01130712137015706,25938,0.3965751853833805,10.974894885712102
2006,26.22850611,-97.65439389,5769,85,0.014519986334130508,1749,0.3031721268850754,6.99479979199168
2006,27.39533333,-82.55411111,7429,64,0.008541305218203657,2146,0.2888679499259658,6.631444339749629
2006,27.77036083,-97.50121528,9008,207,0.0224633749321758,2691,0.29873445825932504,7.843028419182948
2006,30.1260975,-93.22340361,1348,51,0.036454610436025735,312,0.2314540059347181,4.246290801186944
2006,30.21208333,-85.68280556,2510,67,0.025999223903764065,1123,0.4474103585657371,18.37011952191235
2006,31.32737167,-92.54855611,2734,75,0.026699893200427198,842,0.3079736649597659,7.863204096561814
2006,31.35775,-100.4963056,1747,39,0.021836506159014557,493,0.28219805380652546,5.983400114481969
2006,31.535515,-84.19447333,1318,51,0.03725346968590212,491,0.37253414264036416,13.51896813353566
2006,32.38486111,-94.71171,1066,29,0.026484018264840183,176,0.1651031894934334,3.9155722326454034
2006,32.65658333,-114.6059722,3258,91,0.02717229023589131,1333,0.40914671577655004,9.441068139963168
2006,32.89595056,-97.0372,295661,5502,0.018269176492464213,127397,0.4308887543504216,10.790256408521921
2006,32.89864639,-80.04050583,11902,428,0.03471208434712084,3857,0.32406318265837675,9.950344479919341
2006,33.45033444,-88.59136861,815,23,0.027446300715990454,336,0.41226993865030676,11.650306748466258
2006,33.82921556,-116.5062531,13012,142,0.010795195377831837,4237,0.3256225023055641,7.086228097141101
2006,34.56771444,-98.41663667,2097,63,0.029166666666666667,356,0.16976633285646162,3.5984740104911777
2006,35.65884306,-117.8295122,960,42,0.041916167664670656,205,0.21354166666666666,0.153125
2006,36.89461111,-76.20122222,19757,405,0.02008729292728896,7419,0.3755124765905755,11.195019486764185
2006,37.62581722,-120.9544214,2224,127,0.0540195661420672,1141,0.5130395683453237,12.800809352517986
2006,37.72129083,-122.2207167,73876,918,0.012273711795063775,35836,0.48508311224213546,8.95187882397531
2006,37.95375861,-107.90848,240,33,0.12087912087912088,75,0.3125,6.916666666666667
2006,38.94453194,-77.45580972,93778,2232,0.02324757837725237,36686,0.3912004947855574,14.394687453347267
2006,39.22316,-106.868845,3439,294,0.07875703187784623,1478,0.4297760977028206,13.43646408839779
2006,39.85840806,-104.6670019,228063,4413,0.018982604655964488,101109,0.44333802501940256,10.251869001109343
2006,40.27669111,-74.81346833,49,2,0.0392156862745098,16,0.32653061224489793,7.428571428571429
2006,41.26389889,-72.8871,3,0,0.0,0,0.0,-3.6666666666666665
2006,41.30251861,-95.89417306,22753,313,0.013569756351339633,7665,0.3368786533643915,8.150134048257373
2006,41.41089417,-81.84939667,85305,1116,0.012913527961953691,25073,0.29392180997596856,6.973389602016295
2006,41.53493306,-93.66068222,13066,363,0.02703105220046169,4209,0.32213378233583345,9.171360783713455
2006,41.72399917,-71.42822111,26139,439,0.016517420422906163,9334,0.3570909369141895,8.436627261945752
2006,42.88081972,-85.52276778,15956,305,0.018756534038497016,4492,0.28152419152669844,6.434131361243419
2006,44.48507333,-88.12959,7396,316,0.040975103734439834,2177,0.2943482963764197,9.608031368307193
2006,46.91934889,-96.81498889,4759,129,0.026391162029459903,1197,0.25152342929186805,6.660432864047069
2006,58.42438139,-135.7073814,81,4,0.047058823529411764,34,0.41975308641975306,6.493827160493828
2006,60.77977639,-161.8379975,1096,49,0.04279475982532751,561,0.5118613138686131,10.566605839416058
1998,21.15288583,-157.0962561,0,1,1.0,0,NULL,NULL
1998,26.07258333,-80.15275,40927,443,0.01070824268793812,15206,0.37153957045471203,8.690913089158746
1998,26.68316194,-80.09559417,21764,261,0.011850170261066969,8920,0.4098511303069289,7.3834773019665505
1998,29.64541861,-95.27888889,55725,1397,0.024456426595707435,22776,0.408721399730821,10.070812023328847
1998,30.47330556,-87.18744444,6355,167,0.025605642440969027,1825,0.2871754523996853,3.9741935483870967
1998,32.30064417,-86.39397611,1842,64,0.033578174186778595,515,0.27958740499457113,3.4077090119435396
1998,32.84711389,-96.85177222,47055,1180,0.024463563802218306,17730,0.3767931144405483,8.874806077993837
1998,33.67565861,-117.8682225,33925,758,0.021855087506847736,12049,0.35516580692704497,6.094325718496684
1998,33.67975,-78.92833333,2352,56,0.023255813953488372,733,0.3116496598639456,3.197704081632653
1998,33.94253611,-118.4080744,178752,5326,0.028933386933799803,85057,0.47583803258145363,9.782424812030076
1998,34.056,-117.6011944,34671,739,0.02086981078791302,12112,0.3493409477661446,7.966484958610943
1998,34.42621194,-119.8403733,1389,41,0.028671328671328673,934,0.6724262059035278,25.70914326853852
1998,35.04241667,-89.97666667,48070,3301,0.06425804442195013,19975,0.41553983773663405,8.878988974412316
1998,35.39308833,-97.60073389,19834,258,0.01284093171411507,6200,0.31259453463749115,6.3410305535948375
1998,36.12447667,-86.67818222,50408,809,0.01579553663822559,16063,0.318659736549754,7.217822567846373
1998,36.47521417,-82.40742056,1350,54,0.038461538461538464,340,0.2518518518518518,2.0281481481481483
1998,36.5869825,-121.8429478,699,23,0.03185595567867036,435,0.6223175965665236,15.293276108726753
1998,37.50516667,-77.31966667,14586,521,0.03448732375719865,5315,0.364390511449335,6.237625119978061
1998,39.17540167,-76.66819833,68919,1064,0.015203692325278996,26440,0.38363876434655175,7.66328588633033
1998,39.49857611,-119.7680647,25943,328,0.012485249895321838,9504,0.36634159503526964,9.543807578152103
1998,39.87195278,-75.24114083,108491,3508,0.03132170822953776,55177,0.5085859656561373,10.334645270114573
1998,39.99798528,-82.89188278,38657,1080,0.02717869995218562,13027,0.3369894197687353,7.9335695992963755
1998,40.48118028,-107.2176597,632,10,0.01557632398753894,180,0.2848101265822785,5.931962025316456
1998,41.25305194,-70.06018139,20,2,0.09090909090909091,9,0.45,26.85
1998,41.44852639,-90.50753917,1661,50,0.029222676797194622,257,0.1547260686333534,4.363034316676701
1998,41.58680556,-83.80783333,1845,50,0.026385224274406333,397,0.2151761517615176,2.7089430894308943
1998,41.70895361,-86.31847417,3208,148,0.04410011918951132,804,0.2506234413965087,2.771508728179551
1998,42.20848278,-75.97961361,1013,33,0.03154875717017208,370,0.36525172754195456,4.85883514313919
1998,42.94722222,-87.89658333,14511,759,0.04970530451866405,3927,0.2706222865412446,5.055819722968782
1998,42.96550333,-83.74345639,1277,113,0.08129496402877698,452,0.35395458104933436,5.618637431480031
1998,43.11886611,-77.67238389,14160,451,0.0308671548833071,4589,0.3240819209039548,7.356426553672317
1998,43.58135111,-96.74170028,3697,185,0.047655847501288,883,0.238842304571274,5.938598863943739
1998,43.90882639,-92.49798722,2136,143,0.06274681878016675,296,0.13857677902621723,2.641385767790262
1998,44.80744444,-68.82813889,1080,15,0.0136986301369863,94,0.08703703703703704,-0.6990740740740741
1998,46.84209028,-92.19364861,1102,143,0.11485943775100402,305,0.2767695099818512,5.756805807622505
1998,57.04713806,-135.3615983,1316,7,0.005291005291005291,409,0.310790273556231,7.65273556231003
1998,58.67680167,-156.6492175,419,12,0.027842227378190254,134,0.3198090692124105,6.004773269689737
2006,18.43941667,-66.00183333,24926,257,0.010205297224317992,7565,0.30349835513118834,7.105712910214234
2006,25.90683333,-97.42586111,2270,44,0.01901469317199654,552,0.2431718061674009,6.0550660792951545
2006,27.97547222,-82.53325,75519,427,0.0056224159271061015,26475,0.3505740277281214,8.183490247487388
2006,30.19453278,-97.66987194,44152,440,0.009867240760674561,16166,0.36614422902699767,7.938575828954521
2006,30.48325,-86.5254,6284,153,0.023768836414478793,2095,0.33338637810311905,10.380330999363462
2006,30.49405556,-81.68786111,31306,311,0.009836480374482082,10253,0.32750910368619435,8.415511403564812
2006,31.94252778,-102.2019139,8442,124,0.014475834695307027,2904,0.34399431414356785,7.599147121535181
2006,32.31116667,-90.07588889,11084,179,0.015892746159992897,4023,0.36295561169252977,9.287441356910863
2006,32.51633333,-84.93886111,1260,75,0.056179775280898875,512,0.40634920634920635,12.072222222222223
2006,32.73355611,-117.1896567,91757,1219,0.013110910342453966,33966,0.37017339276567457,6.624911450897479
2006,33.56294306,-86.75354972,18874,287,0.014978341422681488,6784,0.3594362615237893,9.694606336759563
2006,34.20080083,-119.2072164,1557,51,0.03171641791044776,440,0.2825947334617855,1.8118175979447655
2006,34.26810833,-88.769895,711,38,0.050734312416555405,187,0.2630098452883263,6.289732770745429
2006,34.82916444,-77.61213778,58,4,0.06451612903225806,17,0.29310344827586204,12.655172413793103
2006,34.89566722,-82.21885833,10855,337,0.030110793423874196,3295,0.3035467526485491,10.517181022570243
2006,34.89924833,-120.4575825,1715,41,0.02334851936218679,585,0.34110787172011664,4.521282798833819
2006,35.03526833,-85.20378778,4570,134,0.02848639455782313,1181,0.25842450765864333,8.131072210065646
2006,35.23705806,-120.6423931,6783,147,0.021212121212121213,1976,0.2913165266106443,8.054400707651482
2006,35.32807944,-77.61552611,690,17,0.024045261669024046,238,0.34492753623188405,16.878260869565217
2006,35.43359806,-119.0567681,5624,108,0.01884159106769016,1716,0.3051209103840683,6.683677098150782
2006,35.87763889,-78.78747222,56850,1167,0.020114793939707328,21292,0.37452946350043975,11.26849604221636
2006,37.24432611,-93.38685806,8971,302,0.03256766957834573,3153,0.35146583435514434,13.542748857429496
2006,37.32546833,-79.97542833,4039,145,0.03465583173996176,1447,0.35825699430552116,15.826689774696707
2006,37.36186194,-121.9290089,60408,753,0.012311767302692893,23147,0.3831777248046616,6.682359952324195
2006,38.03799139,-87.53062667,3832,178,0.044389027431421445,1283,0.33481210855949894,9.515918580375782
2006,38.69542167,-121.5907669,53294,541,0.010049224482214172,21518,0.4037602732014861,7.831969827747964
2006,38.74768694,-90.35998972,63333,994,0.015452298412797114,22842,0.3606650561318744,8.722309064784552
2006,40.63975111,-73.77892556,108435,1932,0.017505232542336026,47046,0.43386360492460924,12.58760547793609
2006,40.66424333,-89.69330556,4437,227,0.04867066895368782,1594,0.35925174667568177,12.631282398016678
2006,40.77724306,-73.87260917,122741,4718,0.03701582469656909,45360,0.36955866417904365,11.418539852209124
2006,40.7952425,-73.10021194,11718,173,0.014548818434109831,4737,0.40424987199180745,8.605649428230073
2006,40.851206,-77.846302,996,11,0.010923535253227408,139,0.1395582329317269,-0.9377510040160643
2006,41.50409361,-74.10483833,1080,39,0.03485254691689008,477,0.44166666666666665,14.424074074074074
2006,41.78015722,-124.2365333,962,47,0.04658077304261645,376,0.3908523908523909,16.566528066528065
2006,42.40295944,-90.70916722,1347,63,0.04468085106382979,402,0.2984409799554566,7.652561247216036
2006,43.53291472,-84.07964722,2956,147,0.04737350950692878,724,0.2449255751014885,9.007780784844384
2006,43.64616667,-70.30875,7296,255,0.03377036154151768,2974,0.4076206140350877,15.170641447368421
2006,45.8076625,-108.5428611,4630,62,0.013213981244671782,1401,0.3025917926565875,4.09438444924406
2006,46.60681806,-111.9827503,1623,18,0.010968921389396709,355,0.21873074553296365,-0.15711645101663585
2006,47.48200194,-111.3706853,3416,82,0.023441966838193252,562,0.164519906323185,-2.143735362997658
2006,47.949255,-97.17611111,803,15,0.018337408312958436,147,0.18306351183063513,5.35865504358655
2006,48.31140472,-114.2550694,2612,26,0.009855951478392721,694,0.2656967840735069,2.6435681470137826
1998,26.17583333,-98.23861111,3144,25,0.007888923950773114,731,0.23250636132315522,4.361641221374046
1998,28.10275,-80.64580556,2392,19,0.007880547490667772,647,0.27048494983277593,1.769648829431438
1998,28.42888889,-81.31602778,90857,1171,0.012724388229669231,32015,0.35236690623727396,6.453812034295652
1998,33.369955,-81.96449611,1849,58,0.030414263240692185,738,0.3991346673877772,5.824229313142239
1998,33.66363889,-101.8227778,6544,119,0.01785982290259643,1774,0.2710880195599022,5.982426650366748
1998,34.20061917,-118.3584969,27421,674,0.02399003381384588,9691,0.353415265672295,9.67422778162722
1998,34.99147222,-78.88,1421,49,0.03333333333333333,224,0.15763546798029557,0.36593947923997183
1998,35.2193725,-101.7059272,4797,50,0.010315659170621003,1306,0.27225349176568686,6.90931832395247
1998,37.64995889,-97.43304583,7239,238,0.031830948241273235,1431,0.19767923746373808,5.699820417184694
1998,37.85830556,-80.39947222,66,10,0.13157894736842105,10,0.15151515151515152,0.24242424242424243
1998,38.03697222,-84.60538889,3847,89,0.02261178861788618,1325,0.34442422667013256,9.542240707044451
1998,39.90237583,-84.219375,10249,304,0.02880697432009855,2630,0.25661040101473315,4.290955215142941
1998,41.33814944,-75.7242675,1752,43,0.02395543175487465,431,0.24600456621004566,1.8504566210045663
1998,42.08202139,-80.17621556,1380,22,0.015691868758915834,378,0.27391304347826084,2.6166666666666667
1998,42.234875,-85.5520575,1430,130,0.08333333333333333,386,0.2699300699300699,4.911188811188811
1998,42.49102778,-76.45844444,1296,29,0.02188679245283019,291,0.22453703703703703,0.8881172839506173
1998,43.56444444,-116.2227778,11537,120,0.010294243802007377,3821,0.3311952847360666,7.814249804975297
1998,44.04532139,-103.0573708,1028,93,0.08296164139161463,261,0.2538910505836576,5.865758754863813
1998,44.47300361,-73.1503125,2681,57,0.020818115412710007,1069,0.39873181648638567,7.602387168966803
1998,46.26468028,-119.1190292,1430,26,0.017857142857142856,388,0.27132867132867133,0.7048951048951049
1998,48.25937778,-101.2803339,1007,77,0.07103321033210332,200,0.19860973187686196,1.782522343594836
1998,56.48432583,-132.3698242,701,25,0.03443526170798898,235,0.33523537803138376,12.557774607703282
1998,59.50336056,-139.6602261,717,9,0.012396694214876033,212,0.29567642956764295,9.105997210599721
1998,66.88467694,-162.5985497,843,51,0.05704697986577181,349,0.4139976275207592,10.589561091340451
1998,71.2854475,-156.7660019,883,63,0.06659619450317125,267,0.3023782559456399,7.284258210645526
2006,18.49486111,-67.12944444,1250,4,0.003189792663476874,269,0.2152,3.9144
2006,24.55611111,-81.75955556,983,14,0.014042126379137413,490,0.49847405900305186,17.311291963377418
2006,26.15247222,-81.77544444,784,12,0.01507537688442211,254,0.3239795918367347,7.887755102040816
2006,29.53369444,-98.46977778,42382,474,0.011060294941198432,14836,0.3500542683214572,6.861403425982728
2006,29.99338889,-90.25802778,29624,275,0.009197632027827017,10625,0.3586618957601944,8.648561976775587
2006,30.53316083,-91.14963444,11180,339,0.029429637989408803,4060,0.3631484794275492,11.073524150268335
2006,30.69141667,-88.24283333,5411,151,0.027148507731032005,1676,0.30973941970060986,7.95601552393273
2006,30.7825,-83.27672222,1110,36,0.031413612565445025,455,0.4099099099099099,15.298198198198198
2006,32.12758333,-81.20213889,12956,292,0.022041062801932368,4850,0.37434393331275084,11.713028712565606
2006,33.64044444,-84.42694444,401347,6624,0.01623644817891468,203202,0.5063000346333721,14.218456846569179
2006,33.93884,-81.11953944,11023,337,0.029665492957746478,4261,0.3865553841966797,15.920166923704981
2006,34.27061111,-77.90255556,3349,68,0.01990049751243781,1190,0.3553299492385787,9.715437444013139
2006,35.04022222,-106.6091944,36872,392,0.01051953628166595,13682,0.37106747667606854,7.185913430245172
2006,35.43619444,-82.54180556,2986,95,0.030834144758195393,1204,0.4032150033489618,16.095780308104487
2006,35.74114639,-81.38954889,37,5,0.11904761904761904,10,0.2702702702702703,6.351351351351352
2006,36.08036111,-115.1523333,183124,1609,0.008709867755084364,90137,0.4922183875406828,11.29878115375374
2006,36.09774694,-79.9372975,13630,433,0.030790016354974047,4622,0.3391049156272927,12.392589875275128
2006,36.19837222,-95.88824167,21318,380,0.017513134851138354,7971,0.3739093723613847,9.060418425743503
2006,37.09058333,-113.5930556,3439,8,0.0023208587177255585,799,0.23233498109915673,0.8531549869148009
2006,37.61900194,-122.3748433,129483,2361,0.017907527077455174,55483,0.4284964049334662,11.334862491601214
2006,38.85208333,-77.03772222,92164,2495,0.026357768410822,30958,0.33590121956512303,7.080508658478364
2006,39.04614278,-84.6621725,124864,1816,0.014335333122829176,37537,0.30062307790876475,6.266914402870323
2006,39.64256778,-106.9176953,2939,70,0.02326354270521768,829,0.282068730860837,9.493024838380402
2006,39.67872222,-75.60652778,297,13,0.041935483870967745,122,0.4107744107744108,13.942760942760943
2006,39.79538278,-121.8584231,1234,41,0.03215686274509804,534,0.4327390599675851,15.286061588330632
2006,40.49146583,-80.23287083,46608,847,0.017848488041302287,16341,0.35060504634397527,9.334234466186063
2006,40.50898361,-122.2934019,1974,70,0.03424657534246575,800,0.40526849037487334,13.263931104356637
2006,40.69249722,-74.16866056,153734,4557,0.028788749834166186,69256,0.4504924089661363,15.507818699832178
2006,40.91631194,-81.44246556,9317,190,0.019985274008625223,2808,0.3013845658473758,9.529891596007298
2006,40.97846583,-85.19514639,4855,228,0.04485540035412158,1543,0.31781668383110195,11.44984552008239
2006,41.06695778,-73.70757444,6693,290,0.041529428612344266,2749,0.4107276258777828,12.9111011504557
2006,41.7859825,-87.75242444,99718,1122,0.011126537088456961,49956,0.5009727431356426,14.05710102489019
2006,41.979595,-87.90446417,360821,12915,0.03455647836975833,177783,0.49271799590378607,17.71121691919262
2006,42.21205889,-83.34883583,126393,1934,0.01507087362752967,56063,0.44356095669855133,10.102640177857952
2006,42.37422778,-122.8734978,6098,119,0.01914106482226154,2645,0.4337487700885536,11.250901935060675
2006,42.93451639,-71.43705583,20997,263,0.012370649106302917,7495,0.35695575558413106,10.096299471353051
2006,42.94052472,-78.73216667,26881,559,0.020371720116618076,10874,0.4045236412335851,11.866597224805625
2006,43.51455556,-112.0701667,2722,30,0.010901162790697675,541,0.19875091844232182,-0.27920646583394565
2006,44.88054694,-93.2169225,125260,1238,0.00978671599550981,48294,0.3855500558837618,7.9310953217308
2006,45.58872222,-122.5975,57311,446,0.007722007722007722,20044,0.34974088743871157,6.0820086894313485
2006,46.353639,-87.395361,936,47,0.04781281790437437,246,0.26282051282051283,13.543803418803419
2006,64.51220222,-165.4452458,1046,47,0.043000914913083256,495,0.4732313575525813,10.616634799235182
